Title,URL,Keywords,FocusedAt
管理101,https://www.zhihu.com/question/303219114/answer/536492312,"管理, 领导, 组织伦理",2024-12-24
家族基金,https://www.zhihu.com/question/579248011/answer/2849908199,"财富观, 策略, 家族, 家族构建, 会计",2024-12-24
恐惧游戏,https://afdian.com/p/e77f366e848311ef9b9b52540025c377,"策略, 考验, 亲子关系, 文化, 中国, 子女教育",2024-12-24
榜样的力量,https://www.zhihu.com/question/6550689519/answer/62375171238?utm_psn=1854787503392960513,"榜样, 教育, 偶像崇拜, 亲子关系, 子女教育",2024-12-23
反骚扰,https://www.zhihu.com/question/625687555/answer/3247068566,"SOP, 策略, 两性关系, 维权, 性骚扰, 自然法",2024-12-23
慈力线,https://www.zhihu.com/question/432806147/answer/2540409638,"伦理, 亲子关系, 孝, 子女教育",2024-12-23
吃干与抹净,https://afdian.com/p/3592f5bec07c11efafbf52540025c377,"策略, 基本技能, 会计, 亲密关系, 驱动力, 顺势而为, 学习",2024-12-22
低估值,https://www.zhihu.com/question/402690394/answer/1311486933,"策略, 风险管理, 股票, 金融, 投资",2024-12-22
低贱的事情,https://www.zhihu.com/question/356835825/answer/955654925,"态度, 职业, 职业伦理, 子女教育",2024-12-22
新手村之王,https://afdian.com/p/cb590742bfef11ef8ad25254001e7c00,"怀疑的艺术, 恋爱, 亲密关系, 语文",2024-12-21
一点傲骨,https://www.zhihu.com/question/7183787129/answer/60801552790?utm_psn=1853926706009735168,"策略, 反自欺, 骨气, 平等, 择善固执, 自欺欺人",2024-12-21
大而细,https://afdian.com/p/1c9b2da0bf9c11ef9f6252540025c377,"策略, 决策, 会计",2024-12-21
不一而足,https://www.zhihu.com/question/654214301/answer/3506978108,"策略, 伦理, 亲密关系, 自然法, 自由",2024-12-21
简明格言,https://www.zhihu.com/question/293390085/answer/726784502,"策略, 反抑郁, 怀疑的艺术, 人际交往",2024-12-21
喜怒不形于色,https://www.zhihu.com/question/654067740/answer/3482809236,"成熟, 人际交往, 社会化",2024-12-21
不必勉强,https://www.zhihu.com/question/661407790/answer/60303394698?utm_psn=1853704948077965312,"婚姻, 两性关系, 女权, 亲密关系, 自然法",2024-12-20
偷油贼,https://www.zhihu.com/question/4725937475/answer/60279824404?utm_psn=1853665435356106752,"快乐, 旷野, 劳动, 情绪价值, 神性享乐",2024-12-20
无语言的思考,https://www.zhihu.com/question/286929436/answer/452288883,"怀疑的艺术, 思考, 语言, 直觉",2024-12-20
求之不得,https://www.zhihu.com/question/59242753/answer/2020495838,"爱, 宽容, 亲密关系, 人际交往, 原谅",2024-12-20
大炼钢铁,https://www.zhihu.com/question/5658217216/answer/59667067504?utm_psn=1853390385713405952,"从众, 反抑郁, 怀疑的艺术, 宽容",2024-12-19
好八戒,https://afdian.com/p/5220e236be2411efb6bc52540025c377,"策略, 方法论, 子女教育",2024-12-19
尖叫的蒲公英,https://afdian.com/p/97a64e14263e11ef8f0c52540025c377,"国际关系, 国际政治, 世界史, 印度, 政治",2024-12-19
硬,https://www.zhihu.com/question/404679467/answer/3080359522,"功夫, 国际关系, 国际政治, 印度",2024-12-19
实力差距,https://afdian.com/p/8cc305debef411ee9b105254001e7c00,"国际关系, 军事, 历史, 印度, 中国",2024-12-19
快乐的成本,https://afdian.com/p/bcc454e6bde911ef9cf352540025c377,"错得对, 反抑郁, 快乐",2024-12-18
lowpoly,https://afdian.com/p/1094028cbd5a11efa96652540025c377,"标签化, 补弱/补强, 自我价值, 自我认知",2024-12-18
不配的天神,https://www.zhihu.com/question/660929832/answer/3563707846,"爱, 亲密关系, 自卑",2024-12-18
渐行渐远,https://www.zhihu.com/question/559219837/answer/2727987830,"朋友, 人际关系, 人际交往, 社交",2024-12-18
假面,https://www.zhihu.com/question/21059033/answer/1778974150,"爱, 人际关系, 社会化, 尊重",2024-12-18
人才流失,https://www.zhihu.com/question/55078788/answer/2079862263,"精英, 历史, 人才, 中国",2024-12-17
高端人才,https://www.zhihu.com/question/550091305/answer/2698329657,"历史, 人才, 市场, 需求, 中国",2024-12-17
自下而上,https://afdian.com/p/6bcccf56bc4411efb99852540025c377,"财富观, 策略, 亲子关系, 亲子教育, 子女教育",2024-12-16
婚姻底气,https://afdian.com/p/21793d20bbf111ef935952540025c377,"爱, 底气, 反脆弱, 亲密关系",2024-12-16
没得沟通的问题,https://afdian.com/p/bf5ebaa8bbc211efa60952540025c377,"策略, 沟通, 亲子关系, 社会化",2024-12-16
哄哄,https://www.zhihu.com/question/519805268/answer/56821712945?utm_psn=1852082233516630016,"爱, 成熟, 会计, 亲密关系, 社会化",2024-12-16
作为信仰的科学,https://www.zhihu.com/question/305176409/answer/551275717,"怀疑的艺术, 技术, 科学, 信仰",2024-12-16
维特观鲨,https://www.zhihu.com/question/665637933/answer/17978157893,"反抑郁, 怀疑的艺术, 历史, 两性关系",2024-12-16
一辉,https://www.zhihu.com/question/565644317/answer/2822749014,"科学, 信仰, 意识形态, 宗教",2024-12-16
爱的核心,https://zhuanlan.zhihu.com/p/12881832004?utm_psn=1852040516188905472,"爱, 劳动",2024-12-15
冤枉钱,https://afdian.com/p/a91b9008bb1e11ef937c52540025c377,"财富观, 价值, 价值观, 教训, 会计",2024-12-15
孤独的孔明,https://afdian.com/p/3ec56252e4a911ee9eed52540025c377,"孤独, 人际关系, 自然法, 自我认知",2024-12-15
5G,https://www.zhihu.com/question/314766480/answer/708378659,"5G, 技术, 科技",2024-12-15
邋遢的黄蓉,https://afdian.com/p/31265432945611efac845254001e7c00,"策略, 美, 社会化, 审美, 形象管理",2024-12-14
博士伦,https://www.zhihu.com/question/291597382/answer/3181365568,"博士, 反脆弱, 社会化, 事业, 职业, 职业规划",2024-12-13
潜藏无形,https://www.zhihu.com/question/422912586/answer/1496227069,"风险管理, 教育, 权柄, 权力",2024-12-13
缅北王,https://afdian.com/p/6ed831bab88c11ef8c0952540025c377,"怀疑的艺术, 考验, 伦理, 权柄, 人际交往, 人性, 自然法",2024-12-12
女武者,https://www.zhihu.com/question/24116337/answer/2086425710,"安全, 暴力, 决心, 两性差异, 女性, 尚武, 自卫",2024-12-12
恐怖主义,https://www.zhihu.com/question/22660577/answer/2086971934,"国际关系, 国际政治, 恐怖主义, 意识形态, 战争",2024-12-12
女子防身,https://www.zhihu.com/question/417803846/answer/1495114196,"安全, 女性, 尚武, 自卫",2024-12-12
两面鼓,https://www.zhihu.com/question/400968076/answer/3576436867,"贵族, 历史, 世界史, 文化, 中国",2024-12-11
汉字基准字体,https://www.zhihu.com/question/437348189/answer/1891816228,"审美, 文化, 艺术, 中国, 字体",2024-12-11
居高临下,https://www.zhihu.com/question/652536633/answer/3465004760,"历史, 文化, 中国",2024-12-11
too nice,https://afdian.com/p/95f23b68b73a11efb4225254001e7c00,"教育, 社会化, 子女教育",2024-12-10
远小人,https://afdian.com/p/f2878accb6f411efb92a52540025c377,"策略, 功夫, 人际关系, 威慑",2024-12-10
自脱罗网,https://afdian.com/p/57195a605a2011efa55052540025c377,"亲子关系, 权柄, 子女教育",2024-12-10
你爱你,https://afdian.com/p/3b48ab6038b511ef991452540025c377,"爱, 策略, 自我, 自我认知",2024-12-10
意识上传,https://www.zhihu.com/question/419475427/answer/1875579544,"怀疑的艺术, 技术, 科普, 伦理, 意识",2024-12-10
错过的和沉没的,https://www.zhihu.com/question/55774089/answer/51764629928?utm_psn=1849733251628924928,"爱, 净输出, 可持续性, 亲密关系",2024-12-09
性骚扰,https://www.zhihu.com/question/438295405/answer/1671537986,"道德, 道德主义, 伦理, 性骚扰",2024-12-09
性骚扰共识,https://www.zhihu.com/question/599195837/answer/3014751915,"策略, 社会化, 性骚扰, 自然法",2024-12-09
多了一道五花肉,https://www.zhihu.com/question/662365068/answer/3583109670,"策略, 性骚扰, 自然法, 自由",2024-12-09
包容与忍耐,https://afdian.com/p/d0f65b26b5b511ef823b52540025c377,"爱, 包容, caritas, 忍耐, 痛苦",2024-12-08
支持的反对,https://afdian.com/p/d182eed6b58f11ef91305254001e7c00,"策略, 反对, 亲子关系",2024-12-08
穷金,https://afdian.com/p/34a2898ab57311efa53752540025c377,"财富, 财富观, 价值观, 苦难, 贫穷, 子女教育",2024-12-08
手心打手背,https://www.zhihu.com/question/637053291/answer/3391988520,"公众人物, 商业, 职业伦理, 自媒体",2024-12-08
志愿无先知,https://www.zhihu.com/question/609423843/answer/3100918712,"傲慢, 公众人物, 命运, 权柄, 预言, 自然法",2024-12-08
真假客套,https://afdian.com/p/393c2096b52811efa0a352540025c377,"策略, 人际交往, 社会化, 真诚",2024-12-07
约伯,https://www.zhihu.com/question/20365357/answer/623230181,"苦难, 神学, 信仰, 宗教",2024-12-07
信仰是什么,https://www.zhihu.com/question/20664401/answer/655941584,"价值观, 信仰, 中国, 宗教",2024-12-07
信仰生命,https://www.zhihu.com/question/311510112/answer/603154453,"错得对, 价值观, 信仰",2024-12-07
肉公基,https://afdian.com/p/ae581c8cb3dd11efa26352540025c377,"SOP, 功夫, 基本技能, 投资, 元技能",2024-12-06
程门雪,https://www.zhihu.com/question/629592578/answer/3290214403,"补弱/补强, 求教, 态度, 学习",2024-12-06
美德,https://www.zhihu.com/question/403395713/answer/1310486606,"Poetic Irony, 道德, 怀疑的艺术, 伦理, 美德",2024-12-06
学的必要,https://afdian.com/p/d30ded7a90e411ef84015254001e7c00,"神性享乐, 学习, 娱乐",2024-12-06
无要求抑郁,https://afdian.com/p/27a4326eb38011efaa2452540025c377,"反抑郁, 旷野, 抑郁, 子女教育",2024-12-05
猫王,https://afdian.com/p/2ea332ccb36211efb66f5254001e7c00,"旷野, 伦理, 人格, 元规则",2024-12-05
兑换银钱的人,https://www.zhihu.com/question/523693204/answer/2404712651,"国际关系, 金融, 经济, 历史, 世界史, 政治",2024-12-05
为政以德,https://www.zhihu.com/question/486860691/answer/2121191656,"帝国, 帝国主义, 国际政治, 历史, 政治",2024-12-05
糊涂账,https://www.zhihu.com/question/667713785/answer/3632849636,"怀疑的艺术, 民族主义, 意识形态, 语文",2024-12-05
否定女权的父亲,https://www.zhihu.com/question/412076145/answer/1729020018,"沟通, 女权, 讨论, 原则",2024-12-04
平权,https://www.zhihu.com/question/298105587/answer/509627202,"女权, 平等, 权利, 自由",2024-12-04
大流士,https://afdian.com/p/6655b9fab22811ef92f152540025c377,"策略, 集体, 决策, 子女教育, 自然法",2024-12-03
先脱鞋,https://www.zhihu.com/question/22045490/answer/47593261902?utm_psn=1847672854071623683,"怀疑的艺术, 历史, 世界史, 中国",2024-12-03
真诚的不老实,https://afdian.com/p/676fefd84ed511ef948c52540025c377,"老实, 亲密关系, 英勇, 真诚",2024-12-03
水母阴姬,https://www.zhihu.com/question/652586232/answer/3468342835,"策略, 人际关系, 社会化",2024-12-03
以我之名,https://afdian.com/p/af816424b13a11efb2b452540025c377,"补弱/补强, 人际关系, 人际交往, 社会化",2024-12-02
大道理,https://www.zhihu.com/question/492265143/answer/2170473726,"价值观, 历史, 子女教育",2024-12-02
亲子冲突,https://www.zhihu.com/question/425223995/answer/1681849717,"爱, 道歉, 亲子关系, 原谅",2024-12-02
入门弓,https://www.zhihu.com/question/57637763/answer/582404142?utm_psn=1846929751542988800,"策略, 弓箭, 投资",2024-12-01
内向罪,https://afdian.com/p/fcd5dc12b04c11ef9ae652540025c377,"礼仪, 内向, 社会化, 社交, 信仰",2024-12-01
宠儿出路,https://www.zhihu.com/question/525511687/answer/3616021073,"美人, 女性, 天赋, 责任, 自然法",2024-12-01
真心祝福,https://afdian.com/p/4f5afcc4756a11ef9c9b52540025c377,"爱, 怀疑的艺术, 净输出, 祝福",2024-12-01
敌人,https://www.zhihu.com/question/435674438/answer/1637194381,"策略, 敌人, 竞争, 人际关系, 组织伦理",2024-12-01
从不休假,https://www.zhihu.com/question/452573085/answer/45180622079?utm_psn=1846603781686583297,"Poetic Irony, 财富, 财富观, 驱动力, 事业, 休息",2024-11-30
腾蛇,https://www.zhihu.com/question/600275140/answer/3446788640,"动物, 科普, 神话, 世界史",2024-11-30
高尔顿钉板,https://www.zhihu.com/question/264824299/answer/2726367727,"亲子关系, 自然法, 尊重",2024-11-30
暴力债,https://www.zhihu.com/question/407247948/answer/44460736197?utm_psn=1846210689083002880,"暴力, 策略, 家族, 亲子关系",2024-11-29
痛而不苦,https://www.zhihu.com/question/491193236/answer/2626886968,"反脆弱, 怀疑的艺术, 亲子关系, 痛苦, 自我认知",2024-11-29
师生一场,https://www.zhihu.com/question/634135058/answer/3326101761,"爱, 反抑郁, 伦理, 权柄, 师生关系",2024-11-29
不服从管理,https://www.zhihu.com/question/35344560/answer/2244184465,"管理, 领导, 组织伦理",2024-11-29
大概聪明,https://afdian.com/p/6aa782beadc211ef83765254001e7c00,"聪明, 会计, 元技能",2024-11-28
宗教的价值,https://www.zhihu.com/question/20120014/answer/2172958952,"信仰, 意识形态, 宗教",2024-11-28
宗教的意义,https://www.zhihu.com/question/28452782/answer/1900624848,"信仰, 意识形态, 宗教",2024-11-28
赏赏罚罚,https://afdian.com/p/68c5cb7a7ad411ef86905254001e7c00,"策略, 管理, 赏罚分明, 原则, 组织伦理",2024-11-27
慈善,https://www.zhihu.com/question/24064243/answer/533635981,"爱, 财富观, 慈善, 可持续性",2024-11-27
有效同意,https://www.zhihu.com/question/612388977/answer/41898008731?utm_psn=1845072097338077184,"婚姻, 亲密关系, 原则",2024-11-26
釜底薪,https://afdian.com/p/e775ccccac1b11efbe9d52540025c377,"财富观, 价值观, 会计, 社会化, 子女教育",2024-11-26
多语化,https://www.zhihu.com/question/422151163/answer/1495123471,"思考, 文化, 语文, 语言, 元技能",2024-11-26
大洪水,https://www.zhihu.com/question/20389853/answer/3071093964,"地理, 怀疑的艺术, 历史, 神话, 世界史",2024-11-26
不表而白,https://afdian.com/p/9c028d2635a511efaf715254001e7c00,"爱, 补强, 补弱/补强, 恋爱, 亲密关系",2024-11-26
气质的配方,https://afdian.com/p/3999c70c6a8f11ef93695254001e7c00,"功夫, 美, 气质, 艺术",2024-11-25
地气,https://www.zhihu.com/question/20003863/answer/2537578636,"沟通, 净输出, 会计, 社会化, 影响力",2024-11-25
气候异常时代,https://www.zhihu.com/question/474264183/answer/2018027733,"备灾, 风险管理, 社会治理, 世界史",2024-11-25
欣赏,https://www.zhihu.com/question/389418584/answer/2061630117,"表达, 功夫, 美, 审美, 欣赏, 艺术, 艺术修养",2024-11-24
欣赏欲,https://www.zhihu.com/question/40157898/answer/2272863505,"美, 审美, 神性享乐, 欣赏, 艺术, 欲望",2024-11-24
老而无恨,https://www.zhihu.com/question/767174008/answer/39496552599?utm_psn=1844044819242041344,"道歉, 亲子关系, 子女教育",2024-11-23
与朋友论,https://afdian.com/p/8d07d308aa1c11efa98d5254001e7c00,"沟通, 伦理, 朋友, 亲密关系, 权柄",2024-11-23
圣蓝,https://www.zhihu.com/question/417653844/answer/2635585718,"历史, 美, 世界史, 文化, 艺术, 宗教",2024-11-23
赔我啥,https://www.zhihu.com/question/55783301/answer/1224159564,"爱, 可持续性, 恋爱, 两性关系, 伦理, 亲密关系",2024-11-22
无价之宝,https://www.zhihu.com/question/418491604/answer/1444022358,"补弱/补强, 财富观, 价值, 价值观, 会计, 历史",2024-11-22
下注之前,https://afdian.com/p/a1f79ecea81e11efb95252540025c377,"爱, 慈善, 恋爱, 亲密关系",2024-11-21
得意志,https://afdian.com/p/fc516b5aa80c11efa2bf52540025c377,"策略, 功夫, 事业, 元技能",2024-11-21
不可论断人,https://www.zhihu.com/question/35551796/answer/710298376,"伦理, 评价权, 权柄",2024-11-21
地狱的门锁,https://afdian.com/p/82e36e9a91e611ee824d52540025c377,"逃避, 责任, 子女教育",2024-11-21
进化心理学,https://www.zhihu.com/question/23318325/answer/2089826721,"怀疑的艺术, 社会化, 心理学",2024-11-21
代客举手,https://www.zhihu.com/question/36980830/answer/36962678128?utm_psn=1842901808403603457,"策略, 怀疑的艺术, 利他, 提问",2024-11-20
经纪人,https://www.zhihu.com/question/642884971/answer/3387497549,"风险管理, 公众人物, 职业伦理",2024-11-20
行业纵览,https://www.zhihu.com/question/451199603/answer/3438010170,"工业, 市场, 信源管理, 阅历, 展会, 中国",2024-11-20
行业调研,https://www.zhihu.com/question/655285242/answer/3504833064,"策略, 调研, 实践, 信源管理, 展会",2024-11-20
道路以目,https://afdian.com/p/859ac242a70611efab2c5254001e7c00,"交往准则, 礼仪, 社会化, 社交, 尊重",2024-11-19
缪斯性,https://www.zhihu.com/question/54032151/answer/3175763991,"美, 神性享乐, 文化, 艺术, 音乐",2024-11-19
仁恕,https://afdian.com/p/842cb234a63a11ef866b52540025c377,"策略, 交往准则, 人际关系, 社交",2024-11-18
对赌,https://afdian.com/p/768274f22ceb11ef8b1a52540025c377,"爱, 净输出, 恋爱, 亲密关系, 勇气",2024-11-18
zw器神教,https://www.zhihu.com/question/579206074/answer/4429775754,"爱, 傲慢, 女权, 偶像崇拜, 亲密关系",2024-11-18
共享恋爱,https://www.zhihu.com/question/485127764/answer/3046345482,"爱, 反抑郁, 恋爱, 亲密关系",2024-11-18
钢的兔,https://afdian.com/p/6846a748a55711ef8a3a52540025c377,"自我, 自我认知",2024-11-17
超高建筑,https://www.zhihu.com/question/263815540/answer/1469356909,"技术, 建筑, 会计, 需求",2024-11-17
看不见的喷火龙,https://www.zhihu.com/question/594787988/answer/3424274481,"Poetic Irony, 爱, 亲密关系",2024-11-17
女权挑战,https://www.zhihu.com/question/30566381/answer/1696851021,"女权, 女性独立, 组织伦理",2024-11-17
自证大礼包,https://afdian.com/p/cab63ca6a41511efaf0752540025c377,"SOP, 策略, 怀疑的艺术, 质疑",2024-11-16
社会主义,https://www.zhihu.com/question/480100286/answer/2064858092,"社会主义, 意识形态, 政治",2024-11-16
社会化抚养,https://www.zhihu.com/question/265857247/answer/1375936847,"策略, 可持续性, 社会化, 社会治理",2024-11-16
浪里白条,https://www.zhihu.com/question/607967614/answer/3091182991,"反脆弱, 坚定, 认知战, 信源管理",2024-11-16
绸缪忧天,https://www.zhihu.com/question/656197920/answer/3505763665,"风险管理, 怀疑的艺术, 语文, 自然法",2024-11-15
指定志愿,https://www.zhihu.com/question/593698155/answer/2969368117,"策略, 管理, 领导, 组织伦理",2024-11-15
反消极,https://www.zhihu.com/question/618717552/answer/3232159856,"管理, 竞争, 组织伦理",2024-11-15
熟鸡蛋,https://www.zhihu.com/question/546608705/answer/2651304969,"功夫, 旷野, 实践",2024-11-14
背后议论,https://www.zhihu.com/question/24483774/answer/1864738908,"成熟, 评价权, 权柄, 社会化, 子女教育, 组织伦理",2024-11-14
金丹大道,https://afdian.com/p/805bec8aa25a11efba9752540025c377,"SOP, 子女教育",2024-11-13
别乱夸,https://afdian.com/p/651f8deaa21a11efafbb52540025c377,"夸奖, 评价权, 权柄, 子女教育",2024-11-13
复盘,https://www.zhihu.com/question/406224720/answer/1863916109,"SOP, 策略, 复盘, 元技能",2024-11-13
不要不要就不要,https://www.zhihu.com/question/63034460/answer/18283876073,"怀疑的艺术, 立场",2024-11-13
三鞠躬,https://www.zhihu.com/question/507302083/answer/3390658658,"悲观 / 乐观, 反脆弱, 会计, 亲密关系",2024-11-13
我不同意,https://afdian.com/p/7654f42ea16111ef9b5c5254001e7c00,"亲子关系, 子女教育, 自然法, 自由",2024-11-12
未成年驱动器,https://www.zhihu.com/question/665629156/answer/3620721933,"技术, 伦理, 青少年, 未成年人, 自然法",2024-11-12
戴珍珠耳环的少女,https://www.zhihu.com/question/581692774/answer/9085271212,"两性差异, 美, 审美, 形象管理",2024-11-12
女性恐惧,https://www.zhihu.com/question/46930544/answer/2112606469,"安全, 恐惧, 女性, 女性独立",2024-11-12
money talks,https://www.zhihu.com/question/3795183133/answer/29333897425?utm_psn=1839670921843048448,"批评, 评价权, 权柄",2024-11-11
无可妥协,https://www.zhihu.com/question/3887644490/answer/29097292771?utm_psn=1839656983151665152,"安全, 风险管理, 社会治理, 自然法",2024-11-11
信息自由,https://afdian.com/p/6b4926e2a08811ef99cf52540025c377,"诚实, 隐私",2024-11-11
服从,https://www.zhihu.com/question/463206973/answer/1924612230,"服从, 教育, 亲子关系, 权柄, 子女教育",2024-11-11
天赋,https://www.zhihu.com/question/35318941/answer/2132354653,"补强, 补弱/补强, 策略, 天赋",2024-11-11
好不好,https://afdian.com/p/04e195289f0d11ef918852540025c377,"爱, 亲密关系, 贪婪, 自然法",2024-11-10
大保镖,https://www.zhihu.com/question/538846835/answer/2579603307,"补强, 补弱/补强, 亲子关系, 子女教育",2024-11-10
中国的不足,https://www.zhihu.com/question/48994434/answer/1273523696,"价值观, 伦理, 社会化, 中国",2024-11-10
父母先生,https://www.zhihu.com/question/275805983/answer/3232669037,"成熟, 沟通, 决策, 亲密关系, 尊重",2024-11-10
工作冲突处置原则,https://afdian.com/p/45af5e849ea711ef807452540025c377,组织伦理,2024-11-09
受伤害,https://www.zhihu.com/question/315284987/answer/1864804256,"策略, 伤害, 原谅",2024-11-09
情感挽回大师,https://www.zhihu.com/question/470420822/answer/1983575141,"爱, 错得对, 亲密关系",2024-11-09
不和,https://afdian.com/p/33448030334011ef8dec5254001e7c00,"爱, 反脆弱, 亲密关系, 英勇, 勇敢",2024-11-09
弦歌雅意,https://afdian.com/p/ed7175c49d5f11ef9b7f52540025c377,"策略, 沟通, 向上管理",2024-11-08
小上帝的前女友,https://www.zhihu.com/question/431661610/answer/25733180634?utm_psn=1838011517011890178,"傲慢, 恋爱, 评价权, 亲密关系",2024-11-08
A VERY EDUCATED GUESS,https://www.zhihu.com/question/2975291413/answer/25722688707?utm_psn=1838009019945590784,"补强, 补弱/补强, 亲子关系, 子女教育",2024-11-08
恋爱原理,https://www.zhihu.com/question/461267669/answer/1906986171,"爱, 两性关系, 亲密关系, 英雄, 英勇",2024-11-08
反犹,https://www.zhihu.com/question/20114055/answer/1205460145,"世界史, 文化, 宗教",2024-11-08
理解和对错,https://www.zhihu.com/question/551968270/answer/2695078243,"怀疑的艺术, 理解, 语文",2024-11-08
实习生,https://www.zhihu.com/question/1950221207/answer/25087159639?utm_psn=1837802738223804416,"爱, 公众人物, 权柄",2024-11-07
天堂有路,https://www.zhihu.com/question/872826687/answer/24898944526?utm_psn=1837697621982072833,"创业, 风险管理, 会计, 投资, 乡愿",2024-11-07
德雷克医生,https://www.zhihu.com/question/635225975/answer/3328725783,"合作, 怀疑的艺术, 组织伦理",2024-11-07
两条道路,https://www.zhihu.com/question/582102554/answer/2877338485,"爱, 谦卑, 影响力, 子女教育",2024-11-07
非常之“非常”,https://www.zhihu.com/question/463907909/answer/1930335276,"怀疑的艺术, 历史, 世界史, 语文",2024-11-07
所罗门说,https://www.zhihu.com/question/1276540028/answer/23960678295?utm_psn=1837525362613047297,"反脆弱, 反抑郁, 子女教育, 自然法, 自由",2024-11-07
you are mine,https://afdian.com/p/7d8336ca9b0811efb95e52540025c377,"沟通, 聊天, 亲密关系, 社会化, 社交, 元技能",2024-11-06
丧气话,https://www.zhihu.com/question/281756338/answer/3214348555,"策略, 反脆弱, 反抑郁, 社会化, 社交, 文化",2024-11-06
文化,https://www.zhihu.com/question/279993451/answer/1083043643,"共识, 决策, 文化, 中国",2024-11-06
差距,https://www.zhihu.com/question/395585298/answer/2557912076,"国际关系, 技术, 科技, 自然法",2024-11-05
国际主义,https://www.zhihu.com/question/546130661/answer/3411471696,"国际关系, 国际主义, 意识形态, 政治",2024-11-05
言外之意,https://www.zhihu.com/question/645492266/answer/3409624374,"国际关系, 权利, 政治",2024-11-05
重量级棋王,https://www.zhihu.com/question/268189551/answer/3544983988,"功夫, 怀疑的艺术, 基本技能, 理性, 逻辑, 推理, 信源管理",2024-10-29
怀疑与猜疑,https://www.zhihu.com/question/537845427/answer/2532609297,"策略, 成熟, 怀疑的艺术, 基本技能, 可持续性, 恐惧, 信源管理",2024-10-29
受够了,https://www.zhihu.com/question/328563416/answer/2776168303,"抱怨, 补弱/补强, 苦难, 态度",2024-10-28
反驳人,https://www.zhihu.com/question/495483711/answer/3120508353,"抱怨, 补弱/补强, 怀疑的艺术, 坚强, 苦难, 态度, 自然法",2024-10-28
比复读还苦,https://www.zhihu.com/question/345953564/answer/844155001,"悲观 / 乐观, 反脆弱, 坚强, 绝望, 苦难, 阅历",2024-10-28
苦中苦,https://www.zhihu.com/question/605614795/answer/3238182977,"反脆弱, 价值观, 苦难, 快乐, 神性享乐",2024-10-28
乌龙茶,https://www.zhihu.com/question/52515464/answer/578881811,"悲观 / 乐观, 反脆弱, 苦难",2024-10-27
诅咒苦难,https://www.zhihu.com/question/516832110/answer/2533182188,"补弱/补强, 成熟, 反脆弱, 苦难, Toughness",2024-10-27
落汤鸡,https://afdian.com/p/153a23407c0811ef883c52540025c377,"反脆弱, 怀疑的艺术, 苦难, Toughness, 态度",2024-10-27
大懒腰,https://www.zhihu.com/question/588627524/answer/3054921454,"策略, 动物, 集体, 科普, 科学, 礼仪",2024-10-25
MMA,https://www.zhihu.com/question/38948991/answer/2201587028,"暴力, 集体, 尚武, 文化, 中国",2024-10-25
事不可为,https://www.zhihu.com/question/612127674/answer/3138743440,"集体, 社会化, 自然法, 组织伦理",2024-10-25
集体主义精神,https://www.zhihu.com/question/35742423/answer/2943375083,"合作, 集体, 集体主义, 社会化, 团队精神, 语文",2024-10-24
幼稚权,https://www.zhihu.com/question/355613206/answer/893427036,"成熟, 集体, 历史, 文化, 政治",2024-10-24
集体主义,https://www.zhihu.com/question/484974881/answer/2394140523,"怀疑的艺术, 集体, 集体主义, 语文",2024-10-23
开舱门的人,https://www.zhihu.com/question/587776721/answer/2924669605,"集体, 集体主义, 历史, 社会化, 文化",2024-10-23
辩论,https://www.zhihu.com/question/491271682/answer/2192655562,"爱, 立场, 神性",2024-10-22
胡锡进,https://www.zhihu.com/question/35781075/answer/1554845633,"补弱/补强, 攻击, 立场",2024-10-22
多加小心,https://www.zhihu.com/question/494272679/answer/2188947781,"反脆弱, 立场, 文化, 勇敢",2024-10-22
5亿,https://www.zhihu.com/question/519245079/answer/2369974300,"立场, 利他, 政治, 自信",2024-10-22
看屁股的人,https://www.zhihu.com/question/382301537/answer/1320162728,立场,2024-10-21
反仇恨,https://www.zhihu.com/question/450709731/answer/3065421862,立场,2024-10-21
立场分歧,https://www.zhihu.com/question/31296201/answer/1963592426,"分手, 宽容, 立场, 亲密关系, 自由",2024-10-21
不败之地,https://www.zhihu.com/question/64743352/answer/2567854702,立场,2024-10-21
一年疫苗,https://www.zhihu.com/question/654134898/answer/3485123291,颓废,2024-10-20
一事无成,https://www.zhihu.com/question/324720000/answer/1493548896,颓废,2024-10-20
荣宝斋,https://www.zhihu.com/question/508579228/answer/3397423024,"贵族, 历史, 礼仪, 商业, 商业伦理, 奢侈品",2024-10-19
显而不贵,https://www.zhihu.com/question/50706706/answer/3406540914,"精英, 礼仪, 奢侈品, 文化",2024-10-19
人安乐,https://www.zhihu.com/question/525183123/answer/2422740729,"财富, 财富观, 奢侈品",2024-10-19
奢侈品,https://www.zhihu.com/question/22696422/answer/1635740528,"财富, 财富观, 慈善, 奢侈品",2024-10-18
真奢侈品,https://www.zhihu.com/question/429282734/answer/1651742004,"传承, 价值, 可持续性, 奢侈品, 投资, 艺术",2024-10-18
德国品牌,https://www.zhihu.com/question/629993151/answer/3303026463,"怀疑的艺术, 奢侈品, 世界史, 文化",2024-10-18
说废话的朋友,https://www.zhihu.com/question/592523167/answer/2965645980,"废话, 交往准则, 朋友, 社会化",2024-10-17
废话,https://www.zhihu.com/question/35132214/answer/2519414179,"表达, 废话, 影响力, 元技能",2024-10-17
感谢,https://www.zhihu.com/question/21723111/answer/1857318376,"感谢, 会计, 社会化, 乡愿, 赠礼, 子女教育",2024-10-16
分享,https://www.zhihu.com/question/443836030/answer/2514951420,"财富, 财富观, 劳动, 赠礼, 子女教育",2024-10-16
钻石,https://www.zhihu.com/question/305370604/answer/704506801,"价值, 奢侈品, 投资, 艺术, 赠礼",2024-10-15
催化剂,https://afdian.com/p/2b45467224e911efad2e5254001e7c00,"爱, 会计, 亲密关系, 赠礼",2024-10-15
礼,https://www.zhihu.com/question/52852778/answer/2543940177,"礼仪, 赠礼, 尊重",2024-10-15
教育家,https://www.zhihu.com/question/400677363/answer/1776664122,"教育, 教育家, 可持续性, 事业, 信仰",2024-10-13
求学,https://www.zhihu.com/question/38714506/answer/1768191207,"补强, 教育, 礼仪, 师徒, 学习, 珍惜, 尊师重道, 尊重",2024-10-13
劳动技能,https://www.zhihu.com/question/531443999/answer/2472301817,"反脆弱, 基本技能, 教育, 劳动, 社会化, 学习, 元技能",2024-10-13
高估,https://www.zhihu.com/question/358250805/answer/2064873323,"大学, 怀疑的艺术, 教育, 市场, 学历",2024-10-13
快乐的义务,https://www.zhihu.com/question/592005244/answer/3050570586,"国家安全, 教育, 快乐, 历史, 社会化, 文化",2024-10-12
惩戒的资格,https://www.zhihu.com/question/644951255/answer/3411744687,"惩戒, 教育, 亲子关系, 权柄, 子女教育",2024-10-12
美式基础教育,https://www.zhihu.com/question/660997291/answer/3571384224,"策略, 顶层设计, 教育, 精英, 政治",2024-10-12
自由意志,https://www.zhihu.com/question/304785722/answer/551025610,"不可预测性, 自我, 自由意志",2024-10-08
自视,https://www.zhihu.com/question/273390297/answer/1839256319,"怀疑的艺术, 天赋, 子女教育, 自我, 自我认知",2024-10-08
保持自我,https://www.zhihu.com/question/315494956/answer/1465036439,"独立, 孤独, 社会化, 自我, 自我认知, 自由",2024-10-07
清楚认识自己,https://www.zhihu.com/question/52506086/answer/2758913171,"补弱/补强, 怀疑的艺术, 行动, 自我, 自我认知",2024-10-07
自我怀疑,https://www.zhihu.com/question/22608645/answer/776241381,"错得对, 怀疑的艺术, 将错就错, 自我",2024-10-07
坚持,https://www.zhihu.com/question/321283219/answer/1366693461,"坚持, 可持续性, 善良, 择善固执",2024-10-06
巧克力肉包子,https://www.zhihu.com/question/519909990/answer/2540809411,"策略, 坚持, 亲密关系",2024-10-06
知止,https://www.zhihu.com/question/412556956/answer/1443054952,"爱, 坚持, 亲密关系",2024-10-06
坚定不移,https://www.zhihu.com/question/509684387/answer/2718809057,"策略, 反脆弱, 坚持, 坚定, 可持续性",2024-10-06
坚持感动,https://www.zhihu.com/question/450758733/answer/1820584008,"坚持, 社会化, 贪婪",2024-10-06
一点点,https://www.zhihu.com/question/528324303/answer/2442897995,"帝国, 颜色革命, 政治",2024-10-05
你的颜色,https://www.zhihu.com/question/597194482/answer/3027071607,"成熟, 社会化, 颜色革命",2024-10-05
实而虚之,https://www.zhihu.com/question/652736315/answer/3465107910,"新闻, 颜色革命, 严肃, 谣言, 责任, 自媒体",2024-10-05
彼面向我,https://www.zhihu.com/question/610036318/answer/3101584143,"国际关系, 颜色革命",2024-10-05
技术焦虑,https://www.zhihu.com/question/418085084/answer/1440844677,"安全, 技术, 商业",2024-10-03
人神分界,https://www.zhihu.com/question/410959853/answer/1382469177,"技术, 伦理, 神性, 神学, 责任",2024-10-03
弯道超车,https://www.zhihu.com/question/557310396/answer/2858049063,"策略, 技术, 历史",2024-10-03
固步自封,https://www.zhihu.com/question/19696294/answer/623857041,"技术, 科学, 历史, 文化, 政治",2024-10-03
增材制造,https://www.zhihu.com/question/463955482/answer/2921786436,"3D打印, 工业, 技术, 智能制造",2024-10-02
Island Hopper,https://www.zhihu.com/question/646238164/answer/3413005329,"补强, 补弱/补强, 创新, 技术, 交通",2024-10-02
技术革命,https://www.zhihu.com/question/591359178/answer/2959821973,"技术, 人工智能, 责任",2024-10-02
UFO,https://www.zhihu.com/question/467884015/answer/1964289852,"技术, 理想, 宗教",2024-10-02
包装袋,https://www.zhihu.com/question/592459442/answer/3068264770,"技术, 市场, 需求",2024-10-01
技术中立,https://www.zhihu.com/question/26094195/answer/1356559409,"道德, 技术, 价值观, 责任",2024-10-01
术不可补,https://www.zhihu.com/question/394654035/answer/1221202651,"创新, 技术, 文化, 艺术",2024-10-01
独得之秘,https://www.zhihu.com/question/276351428/answer/1512219687,"技术, 经济, 市场, 需求",2024-10-01
核动力学习,https://www.zhihu.com/question/653479167/answer/3482157085,"冷启动, 理想, 驱动力, 事业, 学习, 厌学",2024-09-30
热爱的福利,https://www.zhihu.com/question/35018400/answer/3279349005,"驱动力, 热爱, 学习, 厌学",2024-09-30
浪费生命,https://www.zhihu.com/question/530697371/answer/2589592244,"价值观, 生命, 厌学, 娱乐",2024-09-30
学习的快乐,https://www.zhihu.com/question/50401236/answer/1621223312,"功夫, 神性享乐, 学习, 厌学, 子女教育",2024-09-29
全职猎人,https://www.zhihu.com/question/654004997/answer/3504180136,"冷启动, 学习, 厌学, 自然法",2024-09-29
事实教育,https://www.zhihu.com/question/558327071/answer/2725170054,"厌学, 子女教育, 自然法",2024-09-29
不同节奏,https://www.zhihu.com/question/552876594/answer/2679568286,"反抑郁, 乐观, 厌学, 抑郁",2024-09-28
钻头,https://afdian.com/p/f6bd19902c7f11efbf5252540025c377,"旷野, 驱动力, 神性享乐, 挑战, 学习, 厌学",2024-09-28
父母尊严,https://www.zhihu.com/question/620035176/answer/3194629543,"亲子关系, 厌学, 子女教育",2024-09-28
体制信仰,https://www.zhihu.com/question/398376608/answer/2605420529,计划经济,2024-09-27
两害相权,https://www.zhihu.com/question/417455424/answer/1438157258,计划经济,2024-09-27
计划经济,https://www.zhihu.com/question/403566749/answer/1514476881,"计划经济, 经济, 历史",2024-09-27
美女如云,https://www.zhihu.com/question/283142934/answer/3450245720,"安全, 成功税, 嫉妒, 美人, 天赐的代价, 隐私",2024-09-26
美人,https://www.zhihu.com/question/301105442/answer/2502762774,"安全, 代价, 美人, 天赋",2024-09-26
丑,https://www.zhihu.com/question/39317576/answer/601788781,"美, 美人, 自我认知",2024-09-26
晚了两步,https://www.zhihu.com/question/269222429/answer/2750424520,"成功税, 美, 美人, 审美, 虚荣",2024-09-26
沉鱼落雁,https://www.zhihu.com/question/296493768/answer/1482737982,"教养, 礼貌, 美人, Poetic Irony, 评价权, 权柄, 社会化, 尊重",2024-09-26
倾国倾城,https://www.zhihu.com/question/538192516/answer/2557078198,"傲慢, 魅力, 美人",2024-09-26
因果报应,https://www.zhihu.com/question/20969503/answer/546896914,"报应, 怀疑的艺术, 宗教",2024-09-25
闷鼓,https://www.zhihu.com/question/639212137/answer/3360367662,不合理,2024-09-21
质疑,https://www.zhihu.com/question/530095941/answer/2546633947,不合理,2024-09-21
知识分子的弱点,https://www.zhihu.com/question/22543671/answer/2406733772,"不合理, 耻, 绝望, 理想",2024-09-21
强盗逻辑,https://www.zhihu.com/question/38432497/answer/1774096135,不合理,2024-09-21
不合理权,https://www.zhihu.com/question/482988295/answer/2091059493,"不合理, 独立, 两性关系, 亲密关系, 权利, 同志",2024-09-20
专职主内,https://www.zhihu.com/question/378681028/answer/1270333978,"不合理, 婚姻, 家族, 内务, 亲密关系",2024-09-20
合谁的理,https://www.zhihu.com/question/434467214/answer/1839075613,"不合理, 共识, 沟通",2024-09-20
合理,https://www.zhihu.com/question/31409652/answer/2255485486,"不合理, 社会化, 子女教育",2024-09-19
女生不讲理,https://www.zhihu.com/question/430362880/answer/1583182664,"不合理, 沟通, 亲密关系",2024-09-19
合理的艺术,https://www.zhihu.com/question/638128875/answer/3406939861,"不合理, 艺术, 艺术评论",2024-09-19
应急储备,https://www.zhihu.com/question/384055561/answer/2439164062,"安全, 备灾, 储备, 风险管理, 应急",2024-09-18
防核战,https://www.zhihu.com/question/455234263/answer/2968873649,"安全, 备灾, 应急, 战争",2024-09-18
孩子气,https://www.zhihu.com/question/424484745/answer/2733495524,"策略, 成熟, 轻视, 社会化",2024-09-17
学会不轻视,https://www.zhihu.com/question/522688509/answer/2462647129,"补弱/补强, 轻视, 社会化",2024-09-17
天赋特权,https://www.zhihu.com/question/440603654/answer/1692441536,"能力, 特权, 天赋, 责任, 自然法",2024-09-14
创新问题,https://www.zhihu.com/question/304829257/answer/1948051198,"创新, 创业, 能力",2024-09-14
说服力的重量,https://www.zhihu.com/question/414028580/answer/1406379618,"爱, 能力, 权柄, 责任",2024-09-14
职业规划,https://www.zhihu.com/question/25583089/answer/899020828,"能力, 事业, 元技能, 职业, 职业规划",2024-09-14
输出力初步,https://afdian.com/p/70ed610c08b311efbdf95254001e7c00,"功夫, 净输出, 能力, SOP, 实践",2024-09-14
最重要的能力,https://www.zhihu.com/question/19602183/answer/1095057238,"基本技能, 能力, 元技能",2024-09-13
组织能力,https://www.zhihu.com/question/451665490/answer/2535089067,"合作, 精英, 领导, 能力, 组织伦理",2024-09-13
谁的责任,https://www.zhihu.com/question/20248729/answer/2067118565,"表达, 沟通, 能力, 责任",2024-09-13
能力不足,https://www.zhihu.com/question/306554886/answer/557202908,"能力, 原谅",2024-09-13
态度最重要,https://www.zhihu.com/question/28701151/answer/1900670821,"能力, 态度, 组织伦理",2024-09-12
能力与责任,https://www.zhihu.com/question/20545687/answer/1495942164,"伦理, 能力, 责任, 自然法",2024-09-12
能力,https://www.zhihu.com/question/303482683/answer/1320422809,"功夫, 能力, 元技能",2024-09-12
反欺凌,https://www.zhihu.com/question/47471413/answer/814116810,"霸凌, 净输出, 能力, 社会化, 影响力, 子女教育",2024-09-12
长江天险,https://www.zhihu.com/question/20518026/answer/1534640344,"策略, 地理, 军事, 战争",2024-09-11
尽全力,https://www.zhihu.com/question/587031918/answer/2920424011,"策略, 军事, 会计, 战争",2024-09-11
反什么战,https://www.zhihu.com/question/519339042/answer/2734910132,"暴力, 战争, 正义",2024-09-11
张冠李戴,https://www.zhihu.com/question/518532038/answer/2364600141,"表达能力, 社会化, 战争",2024-09-11
俄乌战争,https://www.zhihu.com/question/518747432/answer/2366512885,"俄罗斯, 国际关系, 军事, 战争",2024-09-11
艺术废人,https://www.zhihu.com/question/304469595/answer/554109512,"美, 艺术, 哲学, 真理",2024-09-09
俄罗斯艺术之谜,https://www.zhihu.com/question/317708657/answer/2977792415,"俄罗斯, 文化, 信仰, 艺术, 宗教",2024-09-09
童子功,https://www.zhihu.com/question/569592857/answer/3308792846,"功夫, 审美, 学习, 艺术, 艺术修养, 子女教育",2024-09-09
最好的绘画工具,https://www.zhihu.com/question/547200488/answer/2613523735,"功夫, 记录, 艺术, 艺术创作, 子女教育",2024-09-09
马赛大曲,https://www.zhihu.com/question/30556883/answer/2861846080,"文化, 艺术, 影响力, 政治",2024-09-08
如露亦如电,https://www.zhihu.com/question/649313457/answer/3444664299,"历史, 人工智能, 日本, 商业, 审美, 文化, 艺术",2024-09-08
三合一,https://www.zhihu.com/question/25156721/answer/2054499929,"创作, 艺术, 艺术评论",2024-09-08
正门,https://www.zhihu.com/question/31432692/answer/3352446591,"信仰, 艺术",2024-09-07
雅俗共赏,https://www.zhihu.com/question/307808241/answer/572963649,"美, 艺术",2024-09-07
世界史,https://www.zhihu.com/question/334543952/answer/817647334,"怀疑的艺术, 家族, 历史, 社会化, 世界史, 艺术, 影响力, 子女教育",2024-09-07
敏感,https://www.zhihu.com/question/283907809/answer/1865331346,"愤怒, 礼貌, 敏感",2024-09-06
上层家庭,https://www.zhihu.com/question/48030006/answer/1786183804,"家族, 礼貌, 亲子关系",2024-09-06
不礼貌,https://www.zhihu.com/question/442000479/answer/3362114373,"礼貌, 亲密关系, 社会化, 尊重",2024-09-06
此面向敌,https://www.zhihu.com/question/30565688/answer/2836753984,"抱怨, 补弱 / 补强, 反抑郁, 社会化, 信源管理",2024-09-04
毒圈,https://www.zhihu.com/question/484341697/answer/2178860390,"抱怨, 会计, 亲子关系, 子女教育",2024-09-04
谁的问题,https://www.zhihu.com/question/370062108/answer/1072301218,"抱怨, 反脆弱, 英勇, 责任",2024-09-04
与世界为敌,https://www.zhihu.com/question/437584534/answer/1658465775,"抱怨, 教育, 亲子关系, 社会化, 同志, 自然法",2024-09-04
不抱怨,https://www.zhihu.com/question/20064565/answer/1668449718,抱怨,2024-09-03
内卷,https://www.zhihu.com/question/423255035/answer/1852510707,抱怨,2024-09-03
内外之分,https://afdian.com/p/7df863f246de11ee87a052540025c377,抱怨,2024-09-03
道德上限,https://www.zhihu.com/question/539963120/answer/2583124695,"道德, 可持续性, 失业, 自然法",2024-09-01
没有失业的好地方,https://www.zhihu.com/question/300185448/answer/2825740696,失业,2024-09-01
智能失业,https://www.zhihu.com/question/316424064/answer/1738761505,"人工智能, 失业",2024-09-01
防止失业,https://www.zhihu.com/question/453104891/answer/1936517629,"净输出, 失业",2024-09-01
裁员过渡,https://www.zhihu.com/question/529162822/answer/2510176375,"可持续性, 失业",2024-09-01
失业率高,https://www.zhihu.com/question/533260345/answer/2538697233,失业,2024-08-31
全球化与失业,https://www.zhihu.com/question/333947385/answer/1219847484,失业,2024-08-31
职业生命,https://www.zhihu.com/question/610628297/answer/3110051471,失业,2024-08-31
CAS,https://www.zhihu.com/question/582933780/answer/2951269178,失业,2024-08-31
光棍问题,https://www.zhihu.com/question/327908269/answer/1734033704,婚姻,2024-08-30
吃亏高手,https://www.zhihu.com/question/619847948/answer/3200297739,"婚姻, 亲密关系",2024-08-30
苦而不忍,https://www.zhihu.com/question/432723456/answer/1633172489,"成熟, 婚姻, 亲密关系, 忍耐",2024-08-30
无目的,https://www.zhihu.com/question/349668499/answer/1938007056,"婚姻, 亲密关系",2024-08-30
屋乌,https://www.zhihu.com/question/588194745/answer/2932250277,"成熟, 独立, 婚姻, 亲密关系",2024-08-29
婚内财产,https://www.zhihu.com/question/652507587/answer/3461672281,婚姻,2024-08-29
教而后养,https://www.zhihu.com/question/625372154/answer/3263220225,"婚姻, 家族, 礼仪",2024-08-29
生包子,https://www.zhihu.com/question/491110699/answer/2173435226,"婚姻, 亲密关系, 子女教育",2024-08-29
勉强无益,https://www.zhihu.com/question/652077251/answer/3530834339,"婚姻, 会计, 亲密关系",2024-08-29
嫁祸,https://www.zhihu.com/question/525430804/answer/3335780313,"婚姻, 择偶",2024-08-29
红拂夜奔,https://www.zhihu.com/question/661265989/answer/3570177603,"成熟, 婚姻, 亲密关系, 社会化",2024-08-28
父母反对婚姻,https://www.zhihu.com/question/321352056/answer/2138804634,"独立, 婚姻, 隐私, 子女教育",2024-08-28
锯箭杆,https://www.zhihu.com/question/26194923/answer/3164100588,"策略, 婚姻, 社会化",2024-08-28
分居在前,https://www.zhihu.com/question/661266985/answer/3563838127,"婚姻, 亲密关系",2024-08-28
婚姻与稳定,https://www.zhihu.com/question/570130620/answer/2785687052,"成熟, 婚姻, 社会化",2024-08-28
穴居人,https://www.zhihu.com/question/635258502/answer/3398801002,"成熟, 合作, 婚姻, 亲密关系, 社会化",2024-08-27
老公不挣钱,https://www.zhihu.com/question/374704037/answer/1978495991,"爱, 婚姻, 会计, 亲密关系",2024-08-27
结婚条件,https://www.zhihu.com/question/21778422/answer/684430223,"安全, 婚姻, 亲密关系, 择偶",2024-08-27
染色之前,https://afdian.com/p/66c5a046450c11ef986552540025c377,"婚姻, 可持续性, 会计, 亲密关系",2024-08-27
智能终端,https://www.zhihu.com/question/458232041/answer/2097931385,"独立, 婚姻, 亲密关系, 责任",2024-08-27
王不见王,https://www.zhihu.com/question/659908900/answer/3546501302,"独立, 婚姻, 亲密关系, 权柄, 子女教育",2024-08-27
民主专制,https://www.zhihu.com/question/35615301/answer/987180766,"民主, 权力, 影响力",2024-08-26
阴阳怪气,https://www.zhihu.com/question/531633415/answer/2485177172,"暴力, 信仰, 谣言, 影响力",2024-08-26
道喜,https://afdian.com/p/6a6ca946bac511ee981b52540025c377,"道歉, 家族, 亲子关系, 影响力, 子女教育",2024-08-26
缅甸停战,https://www.zhihu.com/question/639209183/answer/3366538974,"国际关系, 影响力, 政治",2024-08-26
怒的边界,https://www.zhihu.com/question/35274619/answer/1662491448,"补弱 /补强, 愤怒, 礼仪, 影响力",2024-08-26
民主游戏,https://www.zhihu.com/question/27559843/answer/2826921450,"民主, 影响力, 政治",2024-08-26
羞愧,https://www.zhihu.com/question/28642580/answer/1874813027,"耻, 会计, 社会化, 羞耻",2024-08-25
自洽,https://www.zhihu.com/question/420649150/answer/1467417804,"耻, 错得对, 怀疑的艺术, 自洽, 自我认知",2024-08-25
影武者,https://www.zhihu.com/question/333334192/answer/2756108907,"暴力, 成熟, 耻, 迷信",2024-08-25
讽刺,https://www.zhihu.com/question/286649770/answer/1263232279,"耻, 讽刺, 信仰",2024-08-25
翻碗底,https://www.zhihu.com/question/370501557/answer/1012025229,"耻, 权柄, 尊重",2024-08-25
不耻第一,https://www.zhihu.com/question/611802344/answer/3173640243,"耻, 亲密关系",2024-08-25
咨询安全,https://www.zhihu.com/question/502152817/answer/2552711844,"安全, 耻, 羞耻, 隐私",2024-08-25
面子,https://www.zhihu.com/question/648184251/answer/3435446030,"耻, 会计, 社会化",2024-08-25
装之罪,https://www.zhihu.com/question/614793861/answer/3142724103,"补弱/补强, 耻, 道德",2024-08-25
苦难的价值,https://www.zhihu.com/question/505636719/answer/2270432998,"爱国, 耻, 历史",2024-08-25
张记包子,https://www.zhihu.com/question/386784209/answer/3393839141,"耻, 功夫, 家族, 子女教育",2024-08-25
自责陷阱,https://afdian.com/p/f7c2a612e37711eea52d52540025c377,"耻, 理想, 自我认知",2024-08-25
侠,https://www.zhihu.com/question/270272559/answer/2122066412,"安全, 耻, 侠义",2024-08-25
性感罪,https://www.zhihu.com/question/35317151/answer/866577431,"耻, 怀疑的艺术, 社会化, 性感, 性教育",2024-08-25
无明,https://www.zhihu.com/question/37608820/answer/2523618542,"成熟, 冲动, 可预测",2024-08-24
领导力特征,https://www.zhihu.com/question/430981016/answer/1718155200,"成熟, 管理, 领导",2024-08-23
大冰箱,https://www.zhihu.com/question/548921754/answer/2947348959,"成熟, 实事求是",2024-08-23
概率化,https://www.zhihu.com/question/495207630/answer/2199630568,"成熟, 文化",2024-08-23
人心不古,https://www.zhihu.com/question/464172639/answer/1949706094,"成熟, 反脆弱, 苦难",2024-08-23
三观可塑期,https://www.zhihu.com/question/439592958/answer/1830042747,"成熟, 自我认知",2024-08-23
待成熟,https://www.zhihu.com/question/581967188/answer/2963525760,"成熟, 净输出, 社会化, 尊重",2024-08-23
入关学,https://www.zhihu.com/question/374432304/answer/1111649768,"成熟, 国际关系, 文化",2024-08-23
信源管理,https://www.zhihu.com/question/19666344/answer/823306722,"成熟, 信源管理",2024-08-23
谈的必要,https://www.zhihu.com/question/548219694/answer/2625442864,"成熟, 亲密关系",2024-08-23
幼稚,https://www.zhihu.com/question/20864118/answer/3022130012,成熟,2024-08-23
被说幼稚的男人,https://www.zhihu.com/question/28125073/answer/2150880905,成熟,2024-08-23
说得太少,https://www.zhihu.com/question/578311656/answer/2845104520,"成熟, 军事, 情报分析",2024-08-23
年轻并不好,https://www.zhihu.com/question/484057801/answer/2108746048,"潮流, 成熟",2024-08-23
盾构机,https://www.zhihu.com/question/24015378/answer/2554702542,"亲密关系, 性感",2024-08-22
性感,https://www.zhihu.com/question/21928536/answer/1740810286,"性感, 隐私",2024-08-22
高级妩媚感,https://www.zhihu.com/question/57081545/answer/2267894171,"策略, 性感",2024-08-22
西军,https://afdian.com/p/fcf459e6da8b11ed9cd852540025c377,性感,2024-08-22
道歉,https://www.zhihu.com/question/21155350/answer/1685222095,"道歉, 礼仪, SOP, 性感",2024-08-22
性压抑,https://www.zhihu.com/question/276719137/answer/3053432761,性感,2024-08-22
十八岁,https://www.zhihu.com/question/418878039/answer/2539879826,"补弱/补强, 性感, 责任, 子女教育",2024-08-22
吸引女生,https://www.zhihu.com/question/21217244/answer/2880145622,"魅力, 亲密关系, 性感, 英勇",2024-08-22
幽默与性感,https://www.zhihu.com/question/435692948/answer/1766485243,"社会化, 性感, 勇敢, 幽默",2024-08-22
睡者为王,https://www.zhihu.com/question/519282013/answer/3392629287,"分手, 亲密关系, 香火情",2024-08-21
恋爱报销,https://www.zhihu.com/question/478983435/answer/3007733138,分手,2024-08-21
分手条件,https://www.zhihu.com/question/23693381/answer/2859180452,"分手, 可持续性, 亲密关系",2024-08-21
凭爱分手,https://www.zhihu.com/question/308996023/answer/1183361290,"分手, 亲密关系",2024-08-21
失恋的意义,https://afdian.com/p/9eab0f04329811efb46352540025c377,分手,2024-08-21
爱无侥幸,https://www.zhihu.com/question/661055196/answer/3561475478,分手,2024-08-21
断续,https://www.zhihu.com/question/483204673/answer/3273430536,"分手, 亲密关系",2024-08-21
下药,https://www.zhihu.com/question/446736682/answer/1753809533,"愤怒, 分手, 亲密关系, 原则",2024-08-21
分手杀,https://www.zhihu.com/question/587778311/answer/2936857382,分手,2024-08-21
无界,https://afdian.com/p/044f0ee823f111efa2c452540025c377,分手,2024-08-21
非常突然,https://www.zhihu.com/question/268385676/answer/3560969372,分手,2024-08-21
狮子,https://www.zhihu.com/question/394637427/answer/1226993718,"分手, 净输出, 尊重",2024-08-21
极端的实践标准,https://www.zhihu.com/question/532734453/answer/2847232983,分手,2024-08-21
依法分手,https://www.zhihu.com/question/605866350/answer/3082203839,分手,2024-08-21
散为星尘,https://afdian.com/p/1861d696451f11efab7652540025c377,分手,2024-08-21
老人跳桥,https://www.zhihu.com/question/440757467/answer/1694360626,"财富, 死亡, 养老",2024-08-20
老有所依2,https://www.zhihu.com/question/403290284/answer/1360171805,"死亡, 养老",2024-08-20
老有所依,https://www.zhihu.com/question/413184604/answer/1403036010,"价值观, 养老",2024-08-20
电竞养老,https://www.zhihu.com/question/581183691/answer/2867386855,"反对, 养老, 自由",2024-08-20
养老金耗尽,https://www.zhihu.com/question/319798813/answer/1840852218,养老,2024-08-20
缺爱症,https://www.zhihu.com/question/40315645/answer/783805070,"爱, 成熟, 宠爱",2024-08-19
萌,https://www.zhihu.com/question/24093463/answer/1842239859,"宠爱, 焦虑",2024-08-19
自爱,https://www.zhihu.com/question/23387667/answer/2222362783,"爱, 宠爱, 自由",2024-08-19
理解的原理,https://www.zhihu.com/question/60621038/answer/1916755345,"宠爱, 沟通, 理解",2024-08-19
小宇宙,https://www.zhihu.com/question/65455203/answer/2926249745,"礼仪, Poetic Irony, 权力",2024-08-18
搞点科学,https://www.zhihu.com/question/552121513/answer/2717066208,"Poetic Irony, 神性享乐, 学术, 严肃",2024-08-18
不冒险的风险,https://www.zhihu.com/question/398907816/answer/3023985960,Poetic Irony,2024-08-18
丁香医生,https://www.zhihu.com/question/547734209/answer/2622268177,"Poetic Irony, 学术, 政治",2024-08-18
双向奔赴,https://www.zhihu.com/question/581983705/answer/2904014884,"Poetic Irony, 亲密关系",2024-08-18
自由主义101,https://www.zhihu.com/question/45386811/answer/2858946983,"Poetic Irony, 自由",2024-08-18
民主民粹,https://www.zhihu.com/question/52506776/answer/1469425017,"民主, Poetic Irony, 政治",2024-08-18
火鸡狂欢节,https://www.zhihu.com/question/655077085/answer/3528306842,"幻灭, Poetic Irony",2024-08-18
乌克兰的问题,https://www.zhihu.com/question/577641359/answer/2837024392,"国际关系, Poetic Irony",2024-08-18
贵族气质,https://www.zhihu.com/question/27530727/answer/1506011517,"贵族, 理想, 礼仪, Poetic Irony",2024-08-18
偷换概念,https://www.zhihu.com/question/22081937/answer/1487453301,"沟通, Poetic Irony",2024-08-18
聪明的笨功夫,https://www.zhihu.com/question/20782378/answer/1331306390,"功夫, Poetic Irony, 择善固执",2024-08-18
冷漠否,https://www.zhihu.com/question/538025581/answer/2539194102,Poetic Irony,2024-08-18
不容有失,https://www.zhihu.com/question/331652976/answer/3109142426,"功夫, Poetic Irony, SOP",2024-08-18
36度5,https://www.zhihu.com/question/585441313/answer/2964847711,"怀疑的艺术, Poetic Irony, 人工智能",2024-08-18
荒谬的偏激,https://www.zhihu.com/question/491239389/answer/2174846070,"补弱 / 补强, 错得对, Poetic Irony",2024-08-18
挑水果,https://www.zhihu.com/question/445680239/answer/1796479298,"Poetic Irony, 歧视, 亲密关系",2024-08-18
电车难题,https://www.zhihu.com/question/26719055/answer/1446409453,"慈悲, Poetic Irony, 权柄, 权力",2024-08-18
歧视的自由,https://www.zhihu.com/question/31312526/answer/1624264157,"Poetic Irony, 平等",2024-08-18
伟大的自私,https://www.zhihu.com/question/426237301/answer/1536817318,"Poetic Irony, 神性, 自私",2024-08-18
魔法蛋,https://www.zhihu.com/question/539543493/answer/2545809745,"Poetic Irony, 政治",2024-08-18
小吉尼斯,https://www.zhihu.com/question/68145666/answer/2527010015,"功夫, 驱动力, 神性享乐, 无聊",2024-08-17
今日无大事,https://www.zhihu.com/question/29722450/answer/3524441310,"驱动力, 神性享乐, 无聊",2024-08-17
老无聊,https://afdian.com/p/022462e828cf11ef9e4d52540025c377,"技术解决, 无聊",2024-08-17
忠诚,https://www.zhihu.com/question/54446994/answer/2551059781,"旷野, 亲密关系, 愿赌服输, 忠诚, 自由",2024-08-16
疯王,https://www.zhihu.com/question/30366204/answer/1971027829,"权柄, 忠诚",2024-08-16
只对我忠心,https://www.zhihu.com/question/26195722/answer/2090127052,"理想, 权柄, 忠诚",2024-08-16
上策,https://www.zhihu.com/question/441374666/answer/1728261790,"策略, 理想, 忠诚",2024-08-16
海外团结,https://www.zhihu.com/question/269743252/answer/1280141733,忠诚,2024-08-16
忠与叛,https://www.zhihu.com/question/454891026/answer/1839962743,"国际关系, 忠诚",2024-08-16
信力,https://www.zhihu.com/question/388198351/answer/1158968846,"怀疑的艺术, 忠诚",2024-08-16
铁腕的资格,https://www.zhihu.com/question/645181656/answer/3528694270,权力,2024-08-15
以暴制暴,https://www.zhihu.com/question/21285928/answer/1820425075,权力,2024-08-15
父权,https://www.zhihu.com/question/328022305/answer/2101723279,权力,2024-08-15
发脾气权,https://www.zhihu.com/question/419534290/answer/3149133496,"愤怒, 权力",2024-08-15
斗争,https://www.zhihu.com/question/458339996/answer/1875889012,权力,2024-08-15
强权和公义,https://www.zhihu.com/question/572319441/answer/3505576725,权力,2024-08-15
绝对权力,https://www.zhihu.com/question/37080291/answer/2563859922,权力,2024-08-15
抗骚扰,https://www.zhihu.com/question/537038241/answer/2523646801,"安全, 撤退",2024-08-14
批评,https://www.zhihu.com/question/22987136/answer/1434894604,"撤退, 批评, 权柄",2024-08-14
Caesar Gets Away,https://www.zhihu.com/question/650173262/answer/3561078173,"安全, 撤退, 冲突, 子女教育",2024-08-14
押错宝和下错注,https://www.zhihu.com/question/634447709/answer/3325292071,撤退,2024-08-14
子女的要求,https://www.zhihu.com/question/355524343/answer/2454079129,"补弱 / 补强, 就事论事, 礼仪, 祈求, 谈判, 责任, 子女教育",2024-08-13
小摊牌,https://afdian.com/p/9572e398ed3e11eebfac5254001e7c00,"策略, 礼仪, 谈判",2024-08-13
谈判的底气,https://www.zhihu.com/question/549073040/answer/2645722513,"沟通, 谈判",2024-08-13
全科学习,https://www.zhihu.com/question/304130360/answer/550517189,"学习, 哲学, 专业",2024-08-12
扎实,https://www.zhihu.com/question/20667527/answer/2731967218,"功夫, 基本技能, SOP, 学习, 专业",2024-08-12
博,https://www.zhihu.com/question/434449322/answer/3286532057,"创新, 事业, 学习, 专业",2024-08-12
不专业专业,https://www.zhihu.com/question/587644159/answer/2940979076,"错得对, 专业",2024-08-12
自由的印花税,https://www.zhihu.com/question/653732373/answer/3476443090,"错得对, 决策, 专业, 自由",2024-08-12
小长官,https://www.zhihu.com/question/486714620/answer/2126546084,"平等, 神性, 专业",2024-08-12
自重,https://www.zhihu.com/question/513840870/answer/2918887580,"礼仪, 权柄, 专业, 子女教育",2024-08-12
临终抚慰,https://afdian.com/p/77a7d0243bdd11efbe9652540025c377,"安慰, 悲观/乐观, 死亡",2024-08-08
双相情感障碍,https://www.zhihu.com/question/432246724/answer/2169563558,"爱, 安慰, 反抑郁, 疗愈, 祝福",2024-08-08
安慰,https://www.zhihu.com/question/484883057/answer/2104662616,"安慰, 悲观/乐观, 子女教育",2024-08-08
上慰中慰与少慰,https://www.zhihu.com/question/629744618/answer/3286551681,"安慰, 帮助, 净输出, 会计",2024-08-08
家庭政治,https://www.zhihu.com/question/384415898/answer/2470179047,"安慰, 悲观/乐观, 政治",2024-08-08
杀人诛心,https://www.zhihu.com/question/378231496/answer/2963036232,"安全, 诛心",2024-08-07
诛心,https://www.zhihu.com/question/27533590/answer/2093678449,"补弱/补强, 就事论事, 诛心",2024-08-07
六根雪糕,https://www.zhihu.com/question/658295562/answer/3540028106,"会计, 忍耐, 诉求, 子女教育",2024-08-06
解决问题的态度,https://www.zhihu.com/question/658500955/answer/3529099858,"愤怒, 忍耐",2024-08-06
爱你的仇敌,https://www.zhihu.com/question/27750837/answer/2142249088,"爱, 忍耐",2024-08-06
曹刘之姿,https://www.zhihu.com/question/528758518/answer/3235884713,"策略, 会计, 忍耐",2024-08-06
忍耐,https://www.zhihu.com/question/46710746/answer/1870178232,忍耐,2024-08-06
严肃,https://www.zhihu.com/question/488198433/answer/2132838646,"严肃, 幽默, 责任",2024-08-05
严肃活泼,https://www.zhihu.com/question/22562949/answer/3337180656,"礼仪, 严肃, 幽默, 责任",2024-08-05
zz理论,https://www.zhihu.com/question/653779947/answer/3479724010,"严肃, 阅历",2024-08-05
键政,https://www.zhihu.com/question/263356109/answer/2118262382,"严肃, 责任, 政治",2024-08-05
轻佻,https://www.zhihu.com/question/506361711/answer/2273592980,"严肃, 责任, 尊重",2024-08-05
三重门,https://www.zhihu.com/question/569844610/answer/2787103338,商人,2024-08-04
WhatThen,https://www.zhihu.com/question/328561239/answer/2153494115,"商人, 乡愿",2024-08-04
出卖,https://www.zhihu.com/question/376191138/answer/1301166942,"爱国, 商人",2024-08-04
吃喝嫖赌,https://www.zhihu.com/question/283303767/answer/2022524207,"不以恶为业, 会计, 商人, 商业",2024-08-04
商人,https://www.zhihu.com/question/407632959/answer/1348786071,"怀疑的艺术, 历史, 商人",2024-08-04
最佳事业,https://afdian.com/p/f5a66a52269e11ef93f25254001e7c00,"理想, 商人, 事业",2024-08-04
摊牌,https://afdian.com/p/743633fa421711efa4c652540025c377,"策略, 分手, 亲密关系",2024-08-03
保密义务,https://www.zhihu.com/question/504862473/answer/2787586389,"分手, 亲密关系, 隐私",2024-08-03
生离死别,https://www.zhihu.com/question/280659978/answer/1993168089,分手,2024-08-03
夫唯不争,https://afdian.com/p/39af65b8304111ef81c252540025c377,分手,2024-08-03
理想的能力,https://www.zhihu.com/question/415379183/answer/1473067848,同志,2024-08-02
公权力,https://www.zhihu.com/question/292192840/answer/2063842434,"安全, 同志",2024-08-02
破网,https://www.zhihu.com/question/580913063/answer/2870146361,同志,2024-08-02
劝退,https://www.zhihu.com/question/67812985/answer/1877070700,同志,2024-08-02
论同志,https://afdian.com/p/ca0be37231e911eea81052540025c377,同志,2024-08-02
求同存异,https://www.zhihu.com/question/27568530/answer/1653893953,同志,2024-08-02
FURY,https://www.zhihu.com/question/266645399/answer/1969210271,愤怒,2024-08-01
制怒,https://www.zhihu.com/question/56236326/answer/1746576367,愤怒,2024-08-01
戾气重,https://www.zhihu.com/question/597438749/answer/3005506004,愤怒,2024-08-01
爱情长跑,https://www.zhihu.com/question/581134104/answer/2868446976,愤怒,2024-08-01
情绪的价值,https://www.zhihu.com/question/23105958/answer/2543721659,"安全, 情绪, 子女教育",2024-07-31
乱伦,https://www.zhihu.com/question/68522530/answer/1977553629,"安全, 乱伦",2024-07-31
加油站,https://www.zhihu.com/question/452358571/answer/1814501766,"安全, 策略",2024-07-31
真相,https://www.zhihu.com/question/20304990/answer/2993432838,安全,2024-07-31
安全感,https://www.zhihu.com/question/29141214/answer/1764795653,安全,2024-07-31
绝对安全,https://www.zhihu.com/question/306752159/answer/1702646539,安全,2024-07-31
小婉,https://www.zhihu.com/question/630015961/answer/3303913129,安全,2024-07-31
安全带,https://www.zhihu.com/question/30162877/answer/1624879199,"安全, 怀疑的艺术, 会计",2024-07-31
密码安全,https://www.zhihu.com/question/22485083/answer/3132193534,安全,2024-07-31
泄洪渠,https://www.zhihu.com/question/613990993/answer/3234777088,情绪,2024-07-30
无碍,https://www.zhihu.com/question/313253074/answer/2468916548,情绪,2024-07-30
情绪稳定,https://www.zhihu.com/question/607297046/answer/3242014062,情绪,2024-07-30
情绪失控的孩子,https://www.zhihu.com/question/438943586/answer/1673234224,情绪,2024-07-30
情绪,https://www.zhihu.com/question/302561314/answer/1879241996,情绪,2024-07-30
烦躁,https://www.zhihu.com/question/20021937/answer/2005292053,情绪,2024-07-30
开心,https://www.zhihu.com/question/533968307/answer/2517346845,情绪,2024-07-30
成全与被成全,https://www.zhihu.com/question/654134522/answer/3487695048,情绪,2024-07-30
感动,https://www.zhihu.com/question/339685248/answer/2594432710,情绪,2024-07-30
你说我听,https://www.zhihu.com/question/625523384/answer/3252323141,情绪,2024-07-30
两小无猜,https://afdian.com/p/a36de7d4155911efa8da52540025c377,情绪,2024-07-30
家族,https://www.zhihu.com/question/311787622/answer/721084936,"财富, 内务班子, 投资, 子女教育",2024-07-29
恩,https://www.zhihu.com/question/48604008/answer/1944320230,"财富, 慈善, 内务班子",2024-07-29
内务班底,https://www.zhihu.com/question/68780501/answer/1047183701,"家族构建, 内务班子, 子女教育",2024-07-29
辞退保姆,https://www.zhihu.com/question/502844356/answer/3057709168,"家族构建, 内务班子",2024-07-29
枝头雀,https://www.zhihu.com/question/39459235/answer/2538673790,"财富, 阶层, 内务班子",2024-07-29
独立思考的要害,https://www.zhihu.com/question/545374557/answer/2945495205,"独立, 怀疑的艺术, 基本技能, 信源管理",2024-07-28
独立原理,https://afdian.com/p/d9cf61fa08ba11efb7015254001e7c00,"独立, 净输出, 会计",2024-07-28
瞧不起努力,https://www.zhihu.com/question/303725044/answer/1595102877,"安全, 独立, 旷野",2024-07-28
民族种族,https://www.zhihu.com/question/24102030/answer/2032500002,"爱国, 独立",2024-07-28
谁说了算,https://www.zhihu.com/question/466490549/answer/1955444957,"独立, 旷野",2024-07-28
铁腕,https://afdian.com/p/f353b080dbfc11ee8c135254001e7c00,"独立, 子女教育",2024-07-28
摆脱思路,https://www.zhihu.com/question/595612282/answer/2984361736,"独立, 怀疑的艺术, 信源管理",2024-07-28
先独立，再自由,https://www.zhihu.com/question/612708454/answer/3138598261,"独立, 自由",2024-07-28
独立思考,https://www.zhihu.com/question/20527159/answer/1645922461,"悲观 / 乐观, 独立, 信仰",2024-07-28
真的穷,https://www.zhihu.com/question/412567373/answer/2601041841,"财富, 学习",2024-07-27
接化发,https://www.zhihu.com/question/560603985/answer/2723436360,"情绪, 学习",2024-07-27
阅历,https://www.zhihu.com/question/401756432/answer/1886734411,"学习, 阅历, 自我认知",2024-07-27
你的事,https://www.zhihu.com/question/487282842/answer/2551554967,"服从, 社会化, 学习",2024-07-27
条理,https://afdian.com/p/235e144a92bb11eea54952540025c377,"基本技能, 庶务管理, 学习",2024-07-27
帝王蟹,https://www.zhihu.com/question/324437913/answer/3193775455,"权柄, 学习",2024-07-27
文盲速成,https://afdian.com/p/3c979b2c0fd711ef9dd952540025c377,"功夫, 基本技能, 学习",2024-07-27
三代乃成,https://www.zhihu.com/question/622913795/answer/3222818110,"学习, 子女教育",2024-07-27
只见鸳鸯不见仙,https://afdian.com/p/dd088ce428f811ef8e1052540025c377,"上瘾, 神性享乐, 学习, 子女教育",2024-07-27
发奋读书,https://www.zhihu.com/question/359652140/answer/3133808614,"基本技能, 学习",2024-07-27
学与玩,https://www.zhihu.com/question/405476855/answer/1767469173,"上瘾, 神性享乐, 学习",2024-07-27
学会,https://www.zhihu.com/question/457685495/answer/1867245699,"功夫, 学习",2024-07-27
学好会计,https://www.zhihu.com/question/427893955/answer/1913552723,"基本技能, 会计, 学习",2024-07-27
财富观,https://www.zhihu.com/question/314627020/answer/1193533378,"财富, 慈善, 净输出, 可持续性, 投资",2024-07-26
贪爱相生,https://www.zhihu.com/question/22958948/answer/2549539718,"净输出, 贪婪",2024-07-26
笑财神,https://www.zhihu.com/question/524690504/answer/3037068817,"净输出, 会计, 尊重",2024-07-26
录取线,https://www.zhihu.com/question/599385566/answer/3036675225,净输出,2024-07-26
平庸,https://www.zhihu.com/question/341127721/answer/971074538,"净输出, 会计, 平庸",2024-07-26
统战价值,https://www.zhihu.com/question/522859520/answer/2455639935,"净输出, 会计",2024-07-26
三赢童话,https://www.zhihu.com/question/610881311/answer/3110791096,谣言,2024-07-25
孤立,https://www.zhihu.com/question/453240297/answer/2654594326,"孤立, 谣言",2024-07-25
可信,https://www.zhihu.com/question/429528670/answer/1651353967,"怀疑的艺术, 信任, 信仰, 谣言, 择善固执",2024-07-25
正确知识,https://www.zhihu.com/question/405434828/answer/1324864332,"怀疑的艺术, 欺骗, 谣言",2024-07-25
无根消息,https://www.zhihu.com/question/527283848/answer/2434909866,"信源管理, 谣言",2024-07-25
流言蜚语,https://www.zhihu.com/question/644565660/answer/3400501205,谣言,2024-07-25
